Index,Link,Img,Name,Type,Region,Country,Body,Tannic,Sweet,Acidic,Rating,Flavor,Comment
1,https://www.vivino.com/US-CA/en/hundred-acre-wraith-cabernet-sauvignon-napa-valley/w/5978015?year=2016&price_id=26291435,//images.vivino.com/thumbs/PBhGMcRNQ7aVnVNr7VgnWA_pb_x600.png,Wraith Cabernet Sauvignon 2016,Red,Napa Valley,US,4.9,3.7,2.7,3.4,4.9,"Oaky, Black Fruit, Earthy",ì´ ì™€ì¸ì€ ì „ì²´ì ìœ¼ë¡œ ê· í˜•ì´ ì˜ ì¡í˜€ìˆê³  ì•Œì½œ ë„ìˆ˜ê°€ ë†’ì€ í›Œë¥­í•œ ì™€ì¸ì´ë‹¤. ê°€ë²¼ìš´ ë°”ë””ê°ì— ë¯¸ë””ì›€í•œ ì‚°ë¯¸ì™€ íƒ„ë‹Œì˜ ì¡°í™”ê°€ ì•„ë¦„ë‹µë‹¤. 
2,https://www.vivino.com/US-CA/en/hundred-acre-ark-vineyard-cabernet-sauvignon/w/1637962?year=2017&price_id=25805901,//images.vivino.com/thumbs/TQLu4uY6RuC0bW8QHDeIPw_pb_x600.png,Ark Vineyard Cabernet Sauvignon 2017,Red,Howell Mountain,US,4.7,4.5,2.5,3.4,4.9,"Oaky, Black Fruit, Earthy","ë°”ì´ì˜¬ë ›ê³¼ ë¡œì¦ˆ, ìŠ¤íŒŒì´ìŠ¤í•œ ì•„ë¡œë§ˆê°€ ì¡°í™”ë¡­ë‹¤. ì „í˜•ì ì¸ ì¹´ë¥´ë² ë„¤ ì‡¼ë¹„ë‡½ì˜ ë¸”ë™ë² ë¦¬ì™€, ë§ˆë¼ìŠ¤í‚¤ë…¸ ì²´ë¦¬ ê·¸ë¦¬ê³  ë¸”ë™ ì»¤ëŸ°íŠ¸ ë“±ì˜ í’ë¯¸ê°€ ì ì ˆí•˜ê³  ìœ ë‹ˆí¬í•œ ë¹ˆí‹°ì§€ì´ë‹¤. "
3,https://www.vivino.com/US-CA/en/hundred-acre-kayli-morgan-vineyard-cabernet-sauvignon/w/84351,//images.vivino.com/thumbs/ZOn7KuOhTCap7hb74ucQVA_pb_x600.png,Kayli Morgan Vineyard Cabernet Sauvignon,Red,Napa Valley,US,4.5,3.8,2.0,3.0,4.9,"Oaky, Black Fruit, Earthy",ê· í˜•ì´ ë§¤ìš° ì˜ ì¡í˜€ìˆëŠ” í™˜ìƒì ì¸ í’€ë°”ë”” ì™€ì¸ì´ë‹¤. ì„ ëª…í•œ ê²€ì€ ê³¼ì‹¤ì˜ í’ë¯¸ê°€ ì˜ ë“œëŸ¬ë‚œë‹¤. 
4,https://www.vivino.com/US-CA/en/schrader-cellars-cabernet-sauvignon-old-sparky-beckstoffer-to-kalon/w/1144145?year=2015&price_id=24260145,//images.vivino.com/thumbs/nPPvCaprSvqHtXOGVakjVQ_pb_x600.png,Cabernet Sauvignon Old Sparky Beckstoffer To Kalon 2015,Red,Napa Valley,US,5.0,3.8,1.9,3.0,4.9,"Oaky, Black Fruit, Earthy",í”„ë£¨í‹°í•˜ë©´ì„œ ë³¼ë“œí•œ ì™€ì¸ì´ë‹¤. ì–´ë¦° ì™€ì¸ ì¹˜ê³  êµ‰ì¥íˆ ë¶€ë“œëŸ¬ìš´ íƒ„ë‹Œì„ ë³´ì—¬ì¤€ë‹¤. ê°•í•œ ì†Œë‚˜ë¬´ì˜ ìš°ë“œí–¥ì´ ë‚˜ë©°
5,https://www.vivino.com/US-CA/en/vega-sicilia-unico/w/77137?year=2009&price_id=23557244,//images.vivino.com/thumbs/SCnpJk_ySUe6XS3U-lFOwQ_pb_x600.png,Unico 2009,Red,Ribera del Duero,Spain,4.5,3.0,1.9,4.2,4.8,"Oaky, Earthy, Black Fruit","ìŠ¤í˜ì¸ 3ëŒ€ ì™€ì¸ìœ¼ë¡œ ì§„í•œ í—ˆë¸Œì™€ ë¯¼íŠ¸ì˜ í–¥ì´ ì²˜ìŒ ëŠê»´ì§„ë‹¤. ê²€ì€ ê³¼ì¼ê³¼ ì¹´ì‹œìŠ¤, ë¸”ë™ ì»¤ëŸ°íŠ¸ì™€ ê°€ì£½ê³¼ ì˜¤í¬í–¥ì˜ ì•„ë¡œë§ˆê°€ ë¶€ë“œëŸ¬ìš°ë©´ì„œë„ ê°•ë ¥í•˜ë‹¤. "
6,https://www.vivino.com/US-CA/en/vega-sicilia-unico/w/77137?year=2010&price_id=27170525,//images.vivino.com/thumbs/SCnpJk_ySUe6XS3U-lFOwQ_pb_x600.png,Unico 2010,Red,Ribera del Duero,Spain,5.0,3.4,3.0,4.0,4.8,"Oaky, Earthy, Black Fruit","ìŠ¤í˜ì¸ 3ëŒ€ ì™€ì¸ìœ¼ë¡œ ì§„í•œ í—ˆë¸Œì™€ ë¯¼íŠ¸ì˜ í–¥ì´ ì²˜ìŒ ëŠê»´ì§„ë‹¤. ê²€ì€ ê³¼ì¼ê³¼ ì¹´ì‹œìŠ¤, ë¸”ë™ ì»¤ëŸ°íŠ¸ì™€ ê°€ì£½ê³¼ ì˜¤í¬í–¥ì˜ ì•„ë¡œë§ˆê°€ ë¶€ë“œëŸ¬ìš°ë©´ì„œë„ ê°•ë ¥í•˜ë‹¤. "
7,https://www.vivino.com/US-CA/en/chateau-lafite-rothschild-pauillac-premier-grand-cru-classe-pauillac/w/3908?year=2003&price_id=13750467,//images.vivino.com/thumbs/uDMfPG10R1efm5H1do--Ow_pb_x600.png,Pauillac (Premier Grand Cru ClassÃ©) 2003,Red,Pauillac,France,4.5,4.0,1.0,3.4,4.8,"Oaky, Earthy, Black Fruit","ì˜ ìµì€ ê²€ì€ ê³¼ì‹¤, ë¸”ë™ ì²´ë¦¬ ë“±ì˜ í–¥ì´ ì¹´ì‹œìŠ¤, ì´ˆì½œë ›, ë°”ë‹ë¼, ë°”ì´ì˜¬ë › ë“±ê³¼ ì¡°í™”ë¥¼ ì˜ ì´ë£¬ë‹¤. ë§¤ìš° ë¶€ë“œëŸ½ê³  í’ì„±í•œ êµ¬ì¡°ê°ì„ ê°€ì§„ ì™€ì¸ì´ë‹¤. "
8,https://www.vivino.com/US-CA/en/hundred-acre-kayli-morgan-vineyard-cabernet-sauvignon/w/84351?year=2014&price_id=23465488,//images.vivino.com/thumbs/ZOn7KuOhTCap7hb74ucQVA_pb_x600.png,Kayli Morgan Vineyard Cabernet Sauvignon 2014,Red,Napa Valley,US,5.0,3.0,1.6,3.0,4.8,"Oaky, Black Fruit, Earthy",ê· í˜•ì´ ë„ˆë¬´ ì˜ ì¡íŒ í’€ë°”ë”” ì™€ì¸ìœ¼ë¡œ ê½ƒí–¥ê³¼ í”„ë£¨í‹°í•œ í–¥ì´ ê°•í•˜ë©° ë¶€ë“œëŸ¬ìš´ íƒ„ë‹Œê³¼ ì‚°ë¯¸ë¡œ ëë‚˜ëŠ” ê¸´ ë§ˆë¬´ë¦¬ë¥¼ ì¦ê¸¸ ìˆ˜ ìˆë‹¤.
9,https://www.vivino.com/US-CA/en/joseph-phelps-backus-vineyard-cabernet-sauvignon/w/16579?year=2016&price_id=23307062,//images.vivino.com/thumbs/P-vNjR3JTdSDginmrnDX_Q_pb_x600.png,Backus Vineyard Cabernet Sauvignon 2016,Red,Oakville,US,5.0,4.0,1.6,3.0,4.8,"Oaky, Black Fruit, Earthy","ë§¤ìš° ë³¼ë“œí•˜ë©° ê· í˜•ê°ì´ í›Œë¥­í•˜ë‹¤. ë¸”ë™ ì»¤ëŸ°íŠ¸, í‘ì—°, ì´ˆì½œë¦¿, í† ì–‘ì˜ ê¸ˆì†, ë¯¸ë„¤ë„ ë“±ì´ ê°•ë ¬í•˜ê²Œ ë‹¤ê°€ì˜¤ë©° ê¸´ ì—¬ìš´ì„ ì¦ê¸¸ ìˆ˜ ìˆëŠ” ì™€ì¸ì´ë‹¤."
10,https://www.vivino.com/US-CA/en/vina-cobos-cobos-volturno/w/1505859?year=2017&price_id=25058312,//images.vivino.com/thumbs/D1Mf1fYnRnageFjtfLXdFg_pb_x600.png,Cobos Volturno 2017,Red,Perdriel,Argentina,4.2,3.4,2.0,2.8,4.8,"Oaky, Black Fruit, Earthy","ì•„ë¥´í—¨í‹°ë‚˜ ìµœê³  ì™€ì¸ì¤‘ í•˜ë‚˜ë¡œ ì´ˆì½œë¦¿, ì»¤í”¼, ì½”ì½”ë„›, ì˜¤í¬ ìˆ™ì„±, ë°”ë‹ë¼ì˜ í–¥ë¯¸ì™€ ë¶€ë“œëŸ½ê³  í’ë¶€í•˜ë©´ì„œë„ ì˜ ìµì€ ê²€ì€ ê³¼ì¼í–¥ì´ ì§„í•˜ê²Œ ë‹¤ê°€ì˜¨ë‹¤. ë¶€ë“œëŸ¬ìš´ íƒ„ë‹Œì— í¬ë¦¬ìŠ¤í”¼í•œ ì‚°ë¯¸ê°€ ë‹ë³´ì´ëŠ” ë§¤ë ¥ì ì¸ ì™€ì¸ì´ë‹¤."
11,https://www.vivino.com/US-CA/en/screaming-eagle-cabernet-sauvignon/w/82025?year=2010&price_id=23465493,//images.vivino.com/thumbs/Z92v0bohTBaVUVPNjiXPuA_pb_x600.png,Cabernet Sauvignon 2010,Red,Oakville,US,5.0,4.2,2.0,3.0,4.8,"Oaky, Black Fruit, Earthy","êµ‰ì¥íˆ ë³¼ë“œí•˜ê³  ì••ë„ì ìœ¼ë¡œ íŒŒì›Œí’€í•œ ì™€ì¸ì´ë‹¤. ìŠ¤ëª¨í‚¤í•œ ì´ˆì½œë ›í–¥ìœ¼ë¡œ ë®íŒ ì²´ë¦¬ì™€ ë¸”ë™ë² ë¦¬, ê·¸ë¦¬ê³  ì»¤ëŸ°íŠ¸ì˜ í–¥ì€ ë†€ëë‹¤. "
12,https://www.vivino.com/US-CA/en/harlan-estate-harlan-estate-red/w/1218210?year=2015&price_id=20208133,//images.vivino.com/thumbs/dk-tNdajRPqx2M7XtuE3dg_pb_x600.png,Harlan Estate Red 2015,Red,Napa Valley,US,4.5,3.8,2.0,4.0,4.8,"Oaky, Black Fruit, Earthy","ë³¼ë“œí•˜ì§€ë§Œ ì—˜ë ˆê°•íŠ¸í•˜ë©´ì„œ ì‹¤í‚¤í•˜ë‹¤. ê²€ì€ ê³¼ì¼ê³¼ í† ë°”ì½” í–¥, ì˜¤í¬ì™€ ì‚°ë¯¸ê°€ ë†€ë¼ìš´ ê· í˜•ì„ ì´ë£¨ë©° ê¸´ ë§ˆë¬´ë¦¬ë¥¼ ê°€ì ¸ë‹¤ ì¤€ë‹¤. "
13,https://www.vivino.com/US-CA/en/sine-qua-non-fitz-poker-face/w/1248773?year=2004&price_id=23465500,//images.vivino.com/thumbs/4syrZEDvSkqustUbaTZjow_pb_x600.png,Fitz Poker Face 2004,Red,Santa Barbara County,US,5.0,4.2,3.0,3.0,4.8,"Black Fruit, Oaky, Earthy","ì§ˆê°ì´ í’ë¶€í•˜ê³  ê¹Šìœ¼ë©° í›„ì¶”, ìŠ¤íŒŒì´ì‹œ, êµ¬ìš´ ê³ ê¸°ì™€ ë¸”ë™ë² ë¦¬, í‘ì—°ì˜ í–¥ì— í¬ë¦¼ê°™ì€ ë¶€ë“œëŸ¬ì›€ì´ ê°•ë ¥í•œ íƒ„ë‹Œê³¼ë„ ê· í˜•ì„ ì´ë£¬ë‹¤. "
14,https://www.vivino.com/US-CA/en/sine-qua-non-gorgeous-victim-grenache/w/8075591?year=2017&price_id=24633509,//images.vivino.com/thumbs/KKN7QTyzROKQ1tOpYk0IcQ_pb_x600.png,Gorgeous Victim Grenache 2017,Red,California,US,5.0,5.0,2.0,4.2,4.8,"Oaky, Black Fruit, Red Fruit","í—¤ë¹„í•˜ì§€ ì•Šê³  ë¶€ë“œëŸ½ê³  ì‹¤í‚¤í•œ íƒ„ë‹Œì´ ë§¤ë ¥ì ì¸ ì™€ì¸ì´ë‹¤. ë””ì¼„íŒ… ì—†ì´ë„ ë² ì´ì»¨, ê´‘ë¬¼, ê²€ì€ ê³¼ì¼ì˜ í–¥ì´ ì…ì•ˆì— ê°€ë“í•˜ë‹¤. "
15,https://www.vivino.com/US-CA/en/ferreira-vintage-port/w/75996?year=2018&price_id=25625854,//images.vivino.com/thumbs/iffn_2b8Q1axnKwj4OtXuw_pb_x600.png,Vintage Port 2018,Red,Porto,Portugal,4.0,1.9,3.4,4.0,4.8,"Oaky, Black Fruit, Red Fruit",ì´ ì¸ìƒì ì¸ êµ¬ì¡°ì˜ ì™€ì¸ì€ ê°•í•˜ê³  ë§¤ìš´ ê³¼ì¼ê³¼ ë‹¨ë‹¨í•œ íƒ€ë‹Œì˜ ì™„ë²½í•œ ì¡°í™”ë¥¼ ë³´ì—¬ì¤€ë‹¤. ê²€ì€ ê³¼ì¼ ë…¸íŠ¸ì™€ ìŠ¤ëª¨í‚¤í•œ í’ë¯¸ê°€ ìˆì–´ ì™€ì¸ì€ ë§ˆë¬´ë¦¬ê¹Œì§€ ì™„ë²½í•˜ë‹¤.
16,https://www.vivino.com/US-CA/en/pahlmeyer-proprietary-red/w/5072?year=2017&price_id=24290952,//images.vivino.com/thumbs/1OLeYE2nTzCqm-NCePd52g_pb_x600.png,Proprietary Red 2017,Red,Napa Valley,US,5.0,3.0,1.0,4.0,4.8,"Oaky, Black Fruit, Earthy","ë‹¤í¬ ì´ˆì½œë ›ê³¼ ìŠ¤ëª¨í‚¤í•œ ê°€ì£½, í† ì–‘, ì¹´ì‹œìŠ¤, í›„ì¶”ì™€ ì•½ê°„ì˜ ì†Œê¸ˆê¸°ê°€ í•œë° ì–´ìš°ëŸ¬ì ¸ ê· í˜•ì¡íŒ ë§ˆë¬´ë¦¬ë¡œ ì´ì–´ì§„ë‹¤. "
17,https://www.vivino.com/US-CA/en/sine-qua-non-rattrapante-grenache/w/5089513?year=2012&price_id=27103490,//images.vivino.com/thumbs/DtBMhsMBTtiA4URvVaUBNA_pb_x600.png,Rattrapante Grenache 2012,Red,Sta. Rita Hills,US,4.0,2.8,3.0,4.0,4.8,"Oaky, Black Fruit, Earthy","ê³¼ê°í•˜ê³  ë³µí•©ì ì¸ ì™€ì¸ìœ¼ë¡œ ì‚¼ë‚˜ë¬´, ë¸”ë™ ì»¤ëŸ°íŠ¸, ìë‘ ë“± ê²€ì€ ê³¼ì¼ê³¼ ë¸”ë™ë² ë¦¬, ê°€ì£½, ë‹´ë°°ë“±ì˜ ì¡°í™”ê°€ ìš°ì•„í•˜ê³  í›Œë¥­í•˜ë‹¤. "
18,https://www.vivino.com/US-CA/en/immortal-estate-impassable-mountain-reserve/w/6811745?year=2014&price_id=25673789,//images.vivino.com/thumbs/rMwayBpvRECAA37yJnxDPA_pb_x600.png,Impassable Mountain Reserve 2014,Red,Sonoma County,US,4.6,4.2,1.9,3.0,4.8,"Oaky, Black Fruit, Earthy","ê²€ì€ ê³¼ì¼, ì´ˆì½œë¦¿, ê°€ì£½, ë°”ë‹ë¼ì™€ í’ë¶€í•œ ìë‘ì™€ í›Œë¥­í•œ ë§ˆë¥¸ ê³¼ì¼ì˜ ì•„ë¡œë§ˆ. íƒ„ë‹Œê³¼ ì‚°ë¯¸ì˜ ê· í˜•ë„ ë†€ëê³  êµ‰ì¥íˆ ë¶€ë“œëŸ½ê²Œ ë‹¤ê°€ì˜¨ë‹¤."
19,https://www.vivino.com/US-CA/en/sine-qua-non-a-shot-in-the-dark/w/1587814?year=2006&price_id=25880227,//images.vivino.com/thumbs/N9DO0gxSRJewcXhzwu0FEA_pb_x600.png,A Shot In The Dark 2006,Red,California,US,5.0,3.0,1.4,3.0,4.8,"Earthy, Black Fruit, Oaky",ì˜¤ë Œì§€ ê»ì§ˆê³¼ ì„¸ì´ì§€ì˜ í’ë¯¸ê°€ ì–´ìš°ëŸ¬ì§„ ì™€ì¸. ì´ ë³µí•©ì ì¸ ë§¤ë ¥ì´ ì´ ì™€ì¸ì„ í¥ë¯¸ë¡­ê²Œ ë§Œë“­ë‹ˆë‹¤.
20,https://www.vivino.com/US-CA/en/domaine-de-la-romanee-conti-la-tache-grand-cru/w/83911?year=2017&price_id=22537110,//images.vivino.com/thumbs/rUPGZo11SwW6haQta4COqQ_pb_x600.png,La TÃ¢che Grand Cru 2017,Red,La TÃ¢che Grand Cru,France,3.3,3.0,2.0,5.0,4.8,"Earthy, Red Fruit, Black Fruit",ì˜ ìµì€ ì²´ë¦¬ ë§›ê³¼ ëë§›ì€ ì•½ê°„ì˜ í–¥ì‹ ë£Œì˜ ë§›ì´ ë‚œë‹¤.
21,https://www.vivino.com/US-CA/en/bryant-family-cabernet-sauvignon-proprietor-grown/w/1645873?year=1997&price_id=23465528,//images.vivino.com/thumbs/JL0BHEkRTxqJUuW9QfABtA_pb_x600.png,Cabernet Sauvignon Proprietor Grown 1997,Red,Napa Valley,US,5.0,3.0,2.0,3.8,4.8,"Oaky, Black Fruit, Earthy",ì´ ì™€ì¸ì€ ë¶€ë“œëŸ¬ìš°ë©´ì„œ ë‹¤í¬í•¨ì´ ìˆê³  ë‹¤ì–‘í•œ ë§›ê³¼ í’ì„±í•œ í–¥ì„ ëŠë‚„ ìˆ˜ ìˆëŠ” ì™€ì¸ì´ë‹¤.
22,https://www.vivino.com/US-CA/en/abreu-wines-madrona-ranch-cabernet-sauvignon/w/18199?year=2008&price_id=26961913,//images.vivino.com/thumbs/L27lLpSLSQmHB9x5xFBpmQ_pb_x600.png,Madrona Ranch Cabernet Sauvignon 2008,Red,Napa Valley,US,5.0,4.0,1.0,3.0,4.8,"Oaky, Black Fruit, Earthy",ì´ ì™€ì¸ì€ í’ë¶€í•œ ë¸”ë Œë”© ì™€ì¸ìœ¼ë¡œ ìƒ‰ì´ ì•„ë¦„ë‹µê³  ê³¼ì¼ì™€ í•¨ê»˜ í–¥ì´ ê°•ë ¥í•˜ë‹¤.
23,https://www.vivino.com/US-CA/en/sine-qua-non-testa-dei-cherubini-santa-rita-hills/w/6767257?year=2014&price_id=25879537,//images.vivino.com/thumbs/bdSuJgxARzm6HKfyqD046w_pb_x600.png,Testa dei Cherubini 2014,Red,Sta. Rita Hills,US,3.7,2.8,4.2,3.8,4.8,"Oaky, Spices, Dried Fruit",ê³ ì¶”ì˜ ë§¤ìš´ ë§›ê³¼ ë¸”ë™ ë¼ì‹ ê³¼ ê°™ì€ ë“œë¼ì´í•œ ì—´ë§¤ì˜ í–¥ì„ ëŠë¼ê³  ì‹¶ìœ¼ë©´ ì¶”ì²œí•˜ëŠ” ì™€ì¸ì´ë‹¤. 
24,https://www.vivino.com/US-CA/en/sine-qua-non-the-17th-nail-in-my-cranium/w/1406266?year=2005&price_id=23465467,//images.vivino.com/thumbs/czzcC4ZaStGChaDkmFYmww_pb_x600.png,The 17th Nail in My Cranium 2005,Red,Sta. Rita Hills,US,5.0,4.0,1.2,3.0,4.8,"Earthy, Black Fruit, Dried Fruit",ì™€ì¸ì˜ ì²« ë§›ì€ í‰ë²”í•˜ì§€ë§Œ ê°ˆ ìˆ˜ë¡ ë‹¬ì½¤í•œ ê³¼ì¼ í–¥ê³¼ í•¨ê»˜ ë¶€ë“œëŸ¬ì›Œì§€ë©´ì„œ ì˜¤ë«ë™ì•ˆ í–¥ì´ ì§€ì†ë˜ëŠ” ì™€ì¸ì´ë‹¤.
25,https://www.vivino.com/US-CA/en/barnett-vineyards-rattlesnake-cabernet-sauvignon/w/1671142?year=2018&price_id=27273292,//images.vivino.com/thumbs/U0c6SVz0T_2FXBQ7CgytJA_pb_x600.png,Rattlesnake Cabernet Sauvignon 2018,Red,Spring Mountain District,US,5.0,3.0,1.0,3.7,4.8,"Black Fruit, Oaky, Earthy",ë†’ì€ íƒ€ë‹Œê³¼ ì—¬ëŸ¬ê°€ì§€ì˜ í–¥ì‹ ë£Œì™€ í•¨ê»˜ ê³¼ì¼ì˜ í–¥ì´ ì˜ ì–´ìš°ëŸ¬ì§„ ì™€ì¸ì…ë‹ˆë‹¤.
26,https://www.vivino.com/US-CA/en/chateau-d-yquem-sauternes-sauternes-dessert-wine/w/1153863?year=2017&price_id=26029877,//images.vivino.com/thumbs/oGFWQMz2Rli_2EruVUu7Qg_pb_x600.png,Sauternes 2017,White,Sauternes,France,5.0,0.0,5.0,5.0,4.8,"Earthy, Tree Fruit, Oaky",ë°¸ëŸ°ìŠ¤ê°€ ì¢‹ê³  ê³¼ì¼ì˜ ë‹¨ ë§›ê³¼ í–¥ì´ ì¢‹ì€ ì™€ì¸ì´ë‹¤.
27,https://www.vivino.com/US-CA/en/trimbach-alsace-clos-sainte-hune-riesling-alsace/w/1182677?year=1990&price_id=23897653,//images.vivino.com/thumbs/ntGKOd3bS8yt42MkEHtvnA_pb_x600.png,Clos Sainte Hune Riesling Alsace 1990,White,Alsace,France,5.0,0.0,2.2,5.0,4.7,"Earthy, Tree Fruit, Citrus",ì˜¤ë Œì§€ ë¨¸ë©€ë ˆì´ë“œì˜ ê°•í•œ ë‹¹ë„ì™€ ë†’ì€ ë„ìˆ˜ë¡œ ë‹¬ì½¤í•œë§›ì´ ì¢‹ì€ ì™€ì¸ì´ë‹¤. 
28,https://www.vivino.com/US-CA/en/cartuxa-pera-manca-branco/w/1870315?year=2018&price_id=27153664,//images.vivino.com/thumbs/NMa7ylfpRD6rjKEFR6w_lw_pb_x600.png,PÃªra-Manca Branco 2018,White,Evora,Portugal,2.8,0.0,1.2,1.9,4.7,"Oaky, Tree Fruit, Earthy","ë°°, ì‚¬ê³¼í–¥ê³¼ í•¨ê»˜ ì€ì€í•œ ê¿€ê³¼ ë°”ë‹ë¼ í–¥ì´ ì˜ ì–´ìš°ëŸ¬ì ¸ ìˆëŠ” í–¥ê³¼ ë§›ì´ ì¢‹ì€ ë„ìˆ˜ê°€ ë†’ì€ ì™€ì¸ì´ë‹¤. "
29,https://www.vivino.com/US-CA/en/marques-de-murrieta-castillo-ygay-gran-reserva-especial-blanco/w/5177761?year=1986&price_id=13800009,//images.vivino.com/thumbs/G3MU5UwBQ1eCX5A6CiPivg_pb_x600.png,Castillo Ygay Gran Reserva Especial Blanco 1986,White,Rioja,Spain,4.6,0.0,2.0,3.0,4.7,"Oaky, Earthy, Tree Fruit","ì˜¤ë Œì§€, ë°”ë‚˜ë‚˜ì™€ ê°™ì€ ë‹¨ë§›ê³¼ ì•½ê°„ì˜ ìƒê°•í–¥ìœ¼ë¡œ í–¥ì„ ì¡ì€ ë„ìˆ˜ê°€ ë†’ì€ ì™€ì¸ì´ë‹¤. "
30,https://www.vivino.com/US-CA/en/louis-latour-corton-charlemagne-grand-cru/w/7273?year=2018&price_id=26766558,//images.vivino.com/thumbs/8UJCVdBiRTKm9LMYcZHAsQ_pb_x600.png,Corton-Charlemagne Grand Cru 2018,White,Corton-Charlemagne Grand Cru,France,3.7,0.0,1.4,3.7,4.7,"Oaky, Earthy, Tree Fruit",í™”ì‚¬í•œ ë…¸ë€ìƒ‰ì˜ ì•Œë¡ë‹¬ë¡í•œ ë¶€ì¼€ ë ˆëª¬ ì»¤ìŠ¤í„°ë“œ ë° êµ­í™” ê½ƒ ê¸°ë¦„ì§„ ê´‘ë¬¼ë¡œ ë¶€ë“œëŸ½ê³  í’ì„±í•œ ë§›ê³¼ í–¥ì˜ ì™€ì¸
31,https://www.vivino.com/US-CA/en/joseph-drouhin-montrachet-grand-cru-marquis-de-laguiche/w/1274124?year=2004&price_id=26900097,//images.vivino.com/thumbs/1QoFUeYqQaCU07v4MBx8yw_pb_x600.png,Montrachet Grand Cru Marquis de Laguiche 2004,White,Montrachet Grand Cru,France,4.6,0.0,1.0,3.0,4.7,"Oaky, Earthy, Tree Fruit",ì²« ë§›ì€ ë‹¬ë‹¬í•˜ê³  ë§ˆë¬´ë¦¬ëŠ” ì§­ì˜í•œ ë§›ì´ íŠ¹ì§•ì¸ ì™€ì¸ì…ë‹ˆë‹¤.
32,https://www.vivino.com/US-CA/en/keller-abts-erde-riesling/w/1189885?year=2009&price_id=22271129,//images.vivino.com/thumbs/e-wQMtuaTqORgDsptlx5ng_pb_x600.png,Abts Erde Riesling 2009,White,Rheinhessen,Germany,3.0,0.0,1.4,5.0,4.7,"Earthy, Citrus, Tree Fruit",ê½ƒ í–¥ê³¼ ê°ê·¤ë¥˜ì˜ ë‹¨ ë§›ì´ ì–´ìš°ëŸ¬ì ¸ìˆê³  ë§ˆë¬´ë¦¬ ë§›ì„ ì§­ì˜í•œ ë§›ì„ ê°€ì§„ ì™€ì¸ì…ë‹ˆë‹¤.
33,https://www.vivino.com/US-CA/en/aubert-wines-chardonnay-larry-hyde-sons/w/2430244?year=2017&price_id=25234833,//images.vivino.com/thumbs/IiahG9oiQ-K0DceRfPIoOA_pb_x600.png,Chardonnay Larry Hyde & Sons 2017,White,Los Carneros,US,5.0,0.0,2.0,3.0,4.7,"Oaky, Tree Fruit, Citrus",íŒŒì¸ì• í”Œ ë°”ë‹ë¼ í—¤ì´ì¦ë„›ì— ì„¤íƒ•ì— ì ˆì¸ ë ˆëª¬ ê°ê·¤. ì‚°ì„±ì´ ì¢‹ì•„ ì„¤íƒ•ì— ì ˆì¸ ê³¼ì¼ ì‹œíŠ¸ëŸ¬ìŠ¤ ë ˆëª¬ í—¤ë“œ ìº”ë””ëŠ” ê¸¸ì´ì™€ ë³µì¡ì„±ì´ ì¢‹ìŠµë‹ˆë‹¤.
34,https://www.vivino.com/US-CA/en/trimbach-alsace-clos-sainte-hune-riesling-alsace/w/1182677?year=2016&price_id=26473459,//images.vivino.com/thumbs/ntGKOd3bS8yt42MkEHtvnA_pb_x600.png,Clos Sainte Hune Riesling Alsace 2016,White,Alsace,France,3.3,0.0,2.3,5.0,4.7,"Earthy, Tree Fruit, Citrus","ì˜…ì€ ë ˆëª¬. ë¼ì„, ë ˆëª¬, ì¸ë™, ë“±ìœ ì˜ ì¤‘ê°„+ê°•ë„ì˜ í–¥ì…ë‹ˆë‹¤. ê±´ì¡°, ë†’ì€ ì‚°ë„, ì¤‘ê°„ ì•Œì½”ì˜¬, ì¤‘ê°„ ë³´ë”” ê·¸ë¦¬ê³  ê¸´ ë§ˆë¬´ë¦¬. ê· í˜•ì´ ì˜ ì¡í˜€ìˆê³  í’ˆì§ˆì´ ë›°ì–´ë‚©ë‹ˆë‹¤."
35,https://www.vivino.com/US-CA/en/joseph-drouhin-montrachet-grand-cru-marquis-de-laguiche/w/1274124?year=2013&price_id=17483178,//images.vivino.com/thumbs/1QoFUeYqQaCU07v4MBx8yw_pb_x600.png,Montrachet Grand Cru Marquis de Laguiche 2013,White,Montrachet Grand Cru,France,3.8,0.0,1.0,1.0,4.7,"Oaky, Earthy, Tree Fruit","ê¿€ê³¼ ì•½ê°„ì˜ ë²„í„°, ë°”ë‹ë¼ê°€ í•¨ê»˜ì§„ ë¶€ë“œëŸ¬ìš´ ì™€ì¸"
36,https://www.vivino.com/US-CA/en/pierre-girardin-puligny-montrachet-les-folatieres/w/7599788?year=2017&price_id=25204549,//images.vivino.com/thumbs/XbMSx6dVRyS9yVB9Msh9UQ_pb_x600.png,Puligny-Montrachet 'Les FolatiÃ¨res' 2017,White,Les FolatiÃ¨res,France,4.0,0.0,1.0,4.2,4.7,"Tree Fruit, Earthy, Oaky","ì´ˆë¡ íŒŒì¸ì• í”Œ, í‚¤ìœ„, ì´ˆë¡ ì‚¬ê³¼, ìƒí¬ë„, ë©œë¡  ë‹¤ì–‘í•œ ê³¼ì¼í–¥ì„ ê°€ì§„ ì™€ì¸"
37,https://www.vivino.com/US-CA/en/sine-qua-non-tarantella/w/82067?year=1999&price_id=23465459,//images.vivino.com/thumbs/fOPN0ZHPR7-HtswjxqLApA_pb_x600.png,Tarantella 1999,White,California,US,4.6,0.0,2.0,1.9,4.7,"Oaky, Floral, Earthy","ê½ƒ, ë§ê³ , ê·¤í–¥ì´ ê°•í•˜ê³  ìœ ë¦¬ì”ì—ì„œ ìš°ëŸ¬ë‚˜ì˜¤ëŠ” í–¥ê¸°ê°€ ì¢‹ì€ ë°¸ëŸ°ìŠ¤ë¥¼ ìë‘í•œë‹¤."
38,https://www.vivino.com/US-CA/en/pierre-morey-meursault-perrieres/w/779224?year=2015&price_id=26608118,//images.vivino.com/thumbs/yPOrDCYGRnelzNQAgyl93Q_pb_x600.png,Meursault Perrieres 2015,White,Meursault Premier Cru,France,3.7,0.0,1.2,2.8,4.7,"Oaky, Citrus, Earthy",ê³¼ì¼ì˜ ë‹¨ ë§›ê³¼ í•¨ê»˜ ë‹¬ì½¤í•œ í–¥ê³¼ ë§ˆë¬´ë¦¬ì˜ ë§›ì€ ì§­ì˜í•œ ë§›ì„ ê°€ì§€ê³  ìˆë‹¤.
39,https://www.vivino.com/US-CA/en/aubert-wines-chardonnay-larry-hyde-sons/w/2430244?year=2019&price_id=25234834,//images.vivino.com/thumbs/IiahG9oiQ-K0DceRfPIoOA_pb_x600.png,Chardonnay Larry Hyde & Sons 2019,White,Los Carneros,US,5.0,0.0,2.0,3.0,4.7,"Oaky, Tree Fruit, Citrus","í¬ë¦¼ê°™ì´ ìŒë£Œê°ì´ì´ ìˆê³ , ì˜¤í¬í–¥ì´ ì¢‹ìœ¼ë©°, ì‹ ì„ í•˜ê³  ì‚°ëœ»í•œ ë„ìˆ˜ë¥¼ ê°€ì§„ ì™€ì¸ì´ë‹¤."
40,https://www.vivino.com/US-CA/en/gaja-gaia-rey-langhe/w/2410111?year=2017&price_id=22936057,//images.vivino.com/thumbs/5K9sXX9CQ8eonyEU71IlDA_pb_x600.png,Gaia & Rey Langhe 2017,White,Langhe,Italy,4.0,0.0,2.2,3.3,4.7,"Oaky, Earthy, Tree Fruit","ë°”ë‹ë¼ì™€ ì‹œíŠ¸ëŸ¬ìŠ¤ì˜ í–¥ê³¼ í•¨ê»˜ ë°°, ì‚¬ê³¼, ë³µìˆ­ì•„ ë§›ì„ ë³´ì—¬ì£¼ëŠ” ì™€ì¸ì…ë‹ˆë‹¤. "
41,https://www.vivino.com/US-CA/en/aubert-wines-sonoma-coast-chardonnay/w/5343233?year=2019&price_id=25791142,//images.vivino.com/thumbs/wOPMYPKCQr-UI30Pvu2rMA_pb_x600.png,Sonoma Coast Chardonnay 2019,White,Sonoma Coast,US,5.0,0.0,2.0,2.8,4.6,"Oaky, Tree Fruit, Citrus",ë³´ë¦¬ì°¨ì˜ ê³ ì†Œí•¨ê³¼ ê°ê·¤ì˜ ì‚°ë¯¸ê°€ ì•„ë¦„ë‹µê²Œ ë¸”ë Œë”©ëœ ì™€ì¸ì…ë‹ˆë‹¤.
42,https://www.vivino.com/US-CA/en/domaine-coche-dury-meursault-blanc/w/85904?year=2018&price_id=25327243,//images.vivino.com/thumbs/-9_LCIO_TQy83QvBAtlHqg_pb_x600.png,Meursault Blanc 2018,White,Meursault,France,4.2,0.0,1.0,3.0,4.6,"Earthy, Citrus, Oaky",ì—¬ëŸ¬ ê³¼ì¼ì˜ ì¢‹ì€ ì‚°ë„ê°€ í›Œë¥­í•œ ë§ˆë¬´ë¦¬ë¥¼ ë§Œë“œëŠ” ë©‹ì§„ ì™€ì¸ì…ë‹ˆë‹¤.
43,https://www.vivino.com/US-CA/en/joseph-drouhin-montrachet-grand-cru-marquis-de-laguiche/w/1274124?year=2009&price_id=22241334,//images.vivino.com/thumbs/1QoFUeYqQaCU07v4MBx8yw_pb_x600.png,Montrachet Grand Cru Marquis de Laguiche 2009,White,Montrachet Grand Cru,France,4.0,0.0,2.0,3.3,4.6,"Oaky, Earthy, Tree Fruit",í›Œë¥­í•œ ê· í˜•ì„ ê°–ì¶˜ ì™€ì¸ì´ì§€ë§Œ ë‹¤ì†Œ ë¹„ì‹¼ ì™€ì¸ì…ë‹ˆë‹¤.
44,https://www.vivino.com/US-CA/en/fr-domaine-des-comtes-lafon-meursault-gouttes-d-or-premier-cru/w/1700073?year=2011&price_id=26948653,//images.vivino.com/thumbs/xcnXGj2-Sa6kRZXlr2b0Ww_pb_x600.png,Meursault-Gouttes D'Or Premier Cru 2011,White,Meursault Premier Cru,France,4.2,0.0,2.3,3.0,4.6,"Oaky, Earthy, Citrus",ê³ ì „ì ì´ë©´ì„œ ì•½ê°„ì˜ ì‚°ë„ë¡œ ê¸´ì¥ê°ì„ ìœ ì§€í•˜ê³  ìˆëŠ” í›Œë¥­í•œ ì™€ì¸!
45,https://www.vivino.com/US-CA/en/egon-muller-scharzhof-scharzhofberger-riesling-spatlese/w/86686?year=2015&price_id=27222005,//images.vivino.com/thumbs/NwRt7c2oQF6-mdBgs9gSLQ_pb_x600.png,Scharzhofberger Riesling SpÃ¤tlese 2015,White,Wiltingen,Germany,3.0,0.0,2.8,2.8,4.6,"Earth, Tree Fruit, Citrus",ì•„ë¡œë§ˆí–¥ê³¼ ê³¼ì¼ì˜ ì‚°ë„ê°€ ê· í˜•ì„ ì´ë£¨ë©´ì„œ ê¹¨ë—í•˜ê³  ê¸´ ë§›ì„ ì„ ì‚¬í•œë‹¤.
46,https://www.vivino.com/US-CA/en/sine-qua-non-tectumque/w/7629976?year=2017&price_id=20135937,//images.vivino.com/thumbs/Yy0BHJE9R12s-goFMooRIg_pb_x600.png,Tectumque 2017,White,California,US,3.8,0.0,3.0,3.0,4.6,"Oaky, Citrus, Tree Fruit",ê³¼ì¼ì˜ ì‹ ë§›ê³¼ í’ë¯¸ê°€ ì…ì•ˆì„ ê°€ë“ ì±„ì›ë‹ˆë‹¤.
47,https://www.vivino.com/US-CA/en/capensis-chardonnay/w/18903?year=2016&price_id=23212702,//images.vivino.com/thumbs/IK7BeJ7tROmfzNQR3w4VRg_pb_x600.png,Chardonnay 2016,White,Western Cape,SouthAfrica,3.8,0.0,2.4,4.2,4.6,"Oaky, Citrus, Tree Fruit",ë¶€ë“œëŸ¬ìš´ ì˜¤í¬ì˜ ì‚°ë„ì™€ í¬ë¦¬ë¯¸í•œ íŠ¸ë¡œí”¼ì¹¼ ì»¤ìŠ¤í„°ë“œê°€ ê· í˜•ì„ ìƒë™ê° ë„˜ì¹˜ëŠ” ê· í˜•ì„ ì´ë£¹ë‹ˆë‹¤.
48,https://www.vivino.com/US-CA/en/kistler-durell-vineyard-chardonnay/w/9192?year=2018&price_id=23072201,//images.vivino.com/thumbs/LRP0S8JrRQijCjemChbtaA_pb_x600.png,Durell Vineyard Chardonnay 2018,White,Sonoma Coast,US,5.0,0.0,3.0,3.0,4.6,"Oaky, Tree Fruit, Citrus",ìœ ì¾Œí•˜ê³  ë§›ìˆëŠ” ê³¼ì¼ì˜ ì‚°ë„ì™€ ë¶€ë“œëŸ¬ìš´ ì˜¤í¬ì˜ ì¡°í™”
49,https://www.vivino.com/US-CA/en/morlet-family-vineyards-chardonnay-ma-douce/w/94678?year=2016&price_id=20470557,//images.vivino.com/thumbs/BQX-66CKQmWn7g_GrirTyg_pb_x600.png,Chardonnay Ma Douce 2016,White,Sonoma Coast,US,5.0,0.0,3.0,3.3,4.6,"Oaky, Tree Fruit, Earthy",ë²„í„°í–¥ì´ ë‚˜ëŠ” ì˜¤í¬ì˜ ë¶€ë“œëŸ¬ì›€.
50,https://www.vivino.com/US-CA/en/fr-roland-lavantureux-vaudesir-chablis-grand-cru/w/1633082?year=2019&price_id=26346488,//images.vivino.com/thumbs/F5A_BWjoRfiPgoqQ3bKT6g_pb_x600.png,VaudÃ©sir Chablis Grand Cru 2019,White,Chablis Grand Cru,France,3.0,0.0,1.4,3.8,4.6,"Earthy, Tree Fruit, Citrus","ë§‘ì€ ë ˆëª¬, ì…ì•ˆì˜ í¼ì§€ëŠ” ì•„ë¡œë§ˆí–¥ê³¼ ì•½ê°„ì˜ ë²„í„°ì˜ í’ë¯¸ê°€ ì¸ìƒì ì…ë‹ˆë‹¤."
51,https://www.vivino.com/US-CA/en/chateau-d-esclans-garrus-rose/w/1647837?year=2019&price_id=25352280,//images.vivino.com/thumbs/1Y51IHj7STqf2CJv72yOzg_pb_x600.png,Garrus RosÃ© 2019,Rose,CÃ´tes de Provence,France,3.0,0.0,1.3,3.8,4.6,"Oaky, Red Fruit, Earthy",ê³¼ì¼ê½ƒ í–¥ê³¼ ì˜¤í¬í–¥ì˜ ì™„ë²½í•œ ê· í˜•. í¬ë¦¬ë¯¸í•œ í’ë¯¸ë¡œ ë§ˆë¬´ë¦¬ ë˜ëŠ” ê°€ì¹˜ìˆëŠ” ì™€ì¸ì…ë‹ˆë‹¤.
52,https://www.vivino.com/US-CA/en/realm-cellars-la-fe-rose/w/9632716?year=2020&price_id=25860889,//images.vivino.com/thumbs/YEcvMA6IRb-cJY3Kce-2Gw_pb_x600.png,La Fe RosÃ© 2020,Rose,St. Helena,US,4.2,0.0,2.0,1.0,4.5,"Tree Fruit, Red Fruit, Earthy",ë›°ì–´ë‚œ ë¡œì¦ˆì™€ì¸. ì‚¬ë‘ìŠ¤ëŸ¬ìš´ ì—°ì–´ìƒ‰ì—ì„œ ë‚˜ì˜¤ëŠ” ë“œë¼ì´í•¨ê³¼ ê°€ë²¼ìš´ ì‚°ë„ê°€ ì¸ìƒì .
53,https://www.vivino.com/US-CA/en/chateau-d-esclans-les-clans-rose/w/1370993?year=2019&price_id=26313469,//images.vivino.com/thumbs/Fk-70IC_QMOd6puTmPrmfA_pb_x600.png,Les Clans RosÃ© 2019,Rose,CÃ´tes de Provence,France,2.8,0.0,1.3,4.0,4.4,"Oaky, Red Fruit, Tree Fruit",ì•„ë¦„ë‹¤ìš´ ì—°ë¶„í™ìƒ‰ì˜ ì™€ì¸. ì¤‘ê°„ ì •ë„ì˜ ëŒ€ë‹´í•¨ì´ ì£¼ëŠ” ì•½ê°„ì€ ëˆì í•œ ì…ê°€ì‹¬ìš©.
54,https://www.vivino.com/US-CA/en/gerard-bertrand-clos-du-temple/w/7325418?year=2018&price_id=26293282,//images.vivino.com/thumbs/c4N4e0mLTXqmCKJgZZDWcA_pb_x600.png,Clos du Temple 2018,Rose,Languedoc,France,3.0,0.0,1.0,3.8,4.4,"Tree Fruit, Oaky, Earthy","Languedoc ì§€ë°©ì˜ ì™€ì¸ì´ êµ­ì œë¬´ëŒ€ì—ì„œ ë‘ê°ì„ ë‚˜íƒ€ë‚´ê²Œ ë•ëŠ”, 9000ë³‘ë§Œ ìƒì‚°ëœ ì™„ë²½í•œ ë¡œì¦ˆì™€ì¸."
55,https://www.vivino.com/US-CA/en/ch-l-abbaye-clos-beylesse-cotes-de-provence-rose/w/1180278?year=2020&price_id=25363540,//images.vivino.com/thumbs/xZn0pd4XTRy8AMP8njODpQ_pb_x600.png,Clos Beylesse CÃ´tes de Provence RosÃ© 2020,Rose,CÃ´tes de Provence,France,3.0,0.0,1.3,3.8,4.4,"Red Fruit, Tree Fruit, Earthy",ìµœê³ ì˜ ë¡œì¦ˆì™€ì¸. ì´ ë¡œì¦ˆì™€ì¸ì„ í‘œí˜„í•  ë‹¤ë¥¸ ë‹¨ì–´ê°€ ì—†ìŠµë‹ˆë‹¤.
56,https://www.vivino.com/US-CA/en/domaines-ott-chateau-de-selle-rose-coeur-de-grain/w/1216610?year=2020&price_id=26390974,//images.vivino.com/thumbs/8--05CU3Th2iOrbVLmyWDg_pb_x600.png,ChÃ¢teau de Selle RosÃ© (Coeur de Grain) 2020,Rose,CÃ´tes de Provence,France,2.0,0.0,1.0,4.0,4.4,"Tree Fruit, Red Fruit, Citrus",ìµœê³ ì˜ í”„ë¡œë°©ìŠ¤ ì§€ì—­ì˜ ë¡œì¦ˆì™€ì¸ ì¤‘ í•˜ë‚˜ì…ë‹ˆë‹¤. ê³¼ì¼ê³¼ ì•„ë¡œë§ˆí–¥ì˜ ë¯¸ë¬˜í•œ ì¡°í™”ê°€ ì¸ìƒì ì…ë‹ˆë‹¤.
57,https://www.vivino.com/US-CA/en/r-lopez-de-heredia-vina-tondonia-gran-reserva-rosado/w/9122?year=2009&price_id=22857197,//images.vivino.com/thumbs/2WhWo25KTeyKq3pKSACY8g_pb_x600.png,Gran Reserva Rosado 2009,Rose,Rioja Alta,Spain,3.0,0.0,4.2,3.8,4.4,"Red Fruit, Oaky, Citrus",ì‹ ì„ í•œ ì‚°ë„ì™€ í’ë¶€í•œ ë² ë¦¬í–¥ì´ ë§Œë“œëŠ” ê³ ê´´í•œ ìŠ¤íƒ€ì¼ì˜ ë¡œì¦ˆ ì™€ì¸ì…ë‹ˆë‹¤. ì²œì²œíˆ ìŒë¯¸í•´ë³´ì„¸ìš”.
58,https://www.vivino.com/US-CA/en/domaine-tempier-bandol-rose/w/83195?year=2020&price_id=25204801,//images.vivino.com/thumbs/8gpGyvR_Sx62deQQ4I9IVg_pb_x600.png,Bandol RosÃ© 2020,Rose,Bandol,France,3.0,0.0,1.4,4.0,4.4,"Red Fruit, Tree Fruit, Earthy","ë¼ë²¤ë”ì™€ ì¥ë¯¸, ìëª½ê³¼ ë ˆëª¬, ê·¸ë¦¬ê³  ì„ë¥˜ê¹Œì§€. ì•„ë¦„ë‹¤ìš´ ë³µì¡í•¨ì„ ë³´ì—¬ì£¼ëŠ” ì™€ì¸."
59,https://www.vivino.com/US-CA/en/domaines-ott-clos-mireille-rose-coeur-de-grain/w/1382222?year=2020&price_id=25363543,//images.vivino.com/thumbs/2J5LDR2GTQKcG98pAApYqA_pb_x600.png,Clos Mireille RosÃ© (Coeur de Grain) 2020,Rose,CÃ´tes de Provence,France,2.4,1.9,1.0,4.2,4.3,"Citrus, Tree Fruit, Red Fruit",ë§¤ìš° ì™„ë²½í•œ ê· í˜•ì´ ì¡íŒ ë¡œì¦ˆ ì™€ì¸. ë¶‰ì€ ê³¼ì¼ê³¼ ê½ƒí–¥ì´ ì½”ëì„ ë§´ë•ë‹ˆë‹¤. ê¸¸ê³  ì‹ ì„ í•œ í”¼ë‹ˆì‹œê°€ ë‹¤ìŒ í•œëª¨ê¸ˆì„ ê°ˆë§í•˜ê²Œ í•©ë‹ˆë‹¤.
60,https://www.vivino.com/US-CA/en/chateau-d-esclans-les-clans-rose/w/1370993?year=2017&price_id=18914898,//images.vivino.com/thumbs/Fk-70IC_QMOd6puTmPrmfA_pb_x600.png,Les Clans RosÃ© 2017,Rose,CÃ´tes de Provence,France,2.8,0.0,1.4,3.7,4.3,"Oaky, Red Fruit, Tree Fruit","í¬ëœë² ë¦¬, ë¼ì¦ˆë² ë¦¬ê°€ í›Œë¥­í•˜ê²Œ ê· í˜•ì¡íŒ ì™€ì¸. ê¹”ë”í•œ ë§›ê³¼ ê¸´ ì—¬ìš´ì„ ì„ ì‚¬í•©ë‹ˆë‹¤."
61,https://www.vivino.com/US-CA/en/it-le-coste-rosato/w/2394259?year=2019&price_id=24277475,//images.vivino.com/thumbs/Gvb6SDzfRBWCBmsYYQZqZA_pb_x600.png,Rosato 2019,Rose,Lazio,Italy,3.9,0.0,1.0,2.0,4.3,"Grapefruit,Watermelon,strawberry","í„°í‚¤ì‹ ê¸°ì¨ê³¼ ê³¼ì¼ ë£¨í”„ í–¥ê¸°. ì¥ë¯¸ ê½ƒìê³¼ í”¼ëŠ” ì˜¤ë Œì§€ ë“±ë¼ˆë¥¼ ê°€ì§„ íŒ”ë ˆíŠ¸ì˜ ë¬µì§í•œ ìˆ˜ë°• ëª…ë‘ ëª©ì¥ ì£¼ì¸. ëˆì ëˆì í•˜ê³ , ì‚´ë„ ë§ê³ , ë§¤í˜¹ì ì¸ ì£¼ìŠ¤."
62,https://www.vivino.com/US-CA/en/le-galantin-pascal-bandol-rose/w/2590877?year=2020&price_id=26108099,//images.vivino.com/thumbs/Xf_BERIfRC6t96ElCoIO_g_pb_x600.png,Bandol RosÃ© 2020,Rose,Bandol  ,France,3.0,0.0,1.3,3.7,4.3,"strawberry,Tangerine,Melon","ê½¤ ê´œì°®ì€ ì¥ë¯¸. ìˆ˜ë°•, ë”¸ê¸°, ë¯¸ë„¤ë„, ë³µìˆ­ì•„, êµ¬ì•„ë°” ê·¸ë¦¬ê³  ì•½ê°„ì˜ ì¹˜ì¦ˆ. ë”°ëœ»í•œ ë‚  ì‚°ëœ»í•˜ê³  ìƒì¾Œí•˜ë‹¤."
63,https://www.vivino.com/US-CA/en/sack-zafiropulo-cotes-de-provence/w/7183248?year=2020&price_id=24569523,//images.vivino.com/thumbs/QQJXIzI0Q9qTIhvcxP2EPg_pb_x600.png,CÃ´tes de Provence 2020,Rose,CÃ´tes de Provence,France,2.8,0.0,2.0,3.9,4.3," Strawberrt,Minerals,salt","ìƒíŠ¸ ë§ˆë¦¬ ë§ˆê·¸ë¸ë¼ì¸ íë¸Œì™€ ë§¤ìš° ìœ ì‚¬í•©ë‹ˆë‹¤. ë§ˆê°ì€ ì§§ì§€ë§Œ ê· í˜•ì´ ì˜ ì¡í˜€ ìˆìŠµë‹ˆë‹¤. ì´ì „ ë…¸íŠ¸ë¥¼ ì°¸ì¡°í•˜ì‹­ì‹œì˜¤. ë ˆë“œ ê·¸ë ˆë‚˜ì‰¬ 35%, ìƒì˜ 35%, ëª¨ë¥´ë² ë¥´ 20%, ì‹œë¼ 10%"
64,https://www.vivino.com/US-CA/en/antica-terra-erratica-rose/w/1413702?year=2011&price_id=23465531,//images.vivino.com/thumbs/BabqYp3gStC0BEcKDp-BBA_pb_x600.png,Erratica RosÃ© 2011,Rose,Willamette,US,2.4,0.0,4.6,3.3,4.3,"Raspberry,oak,Citrus","ì˜…ì€ í”¼ë…¸ ëˆ„ì•„ë¥´ ìƒ‰ì´ë©° ì¥ë¯¸ì¹˜ê³ ëŠ” ë§¤ìš° ê°•ë ¬í•˜ë©°, ì½”ëŠ” ê°ê·¤ìƒ‰ ìŒê³¼ ë²„í„°ìƒ‰ ì´‰ê°ì´ ìˆëŠ” ìˆœë°±ìƒ‰ì„ ì—°ìƒì‹œí‚¤ë©°, ì…ì€ ë§¤ìš° ìˆœìˆ˜í•˜ê³  ì€ì€í•œ ë¶‰ì€ ë² ë¦¬ì™€ ê· í˜•ì„ ì˜ ì´ë£¨ê³  ìˆë‹¤. í”¼ë‚ ë ˆê°€ ì•„ì§ ì•ˆ ë‚¨ì•˜ì–´ìš”. ì™€ì¸ ë§›ìˆë‹¤."
65,https://www.vivino.com/US-CA/en/itxas-harri-roxa/w/7455122?year=2020&price_id=25903953,//images.vivino.com/thumbs/zLwC3WuRSri1ufh9y1u2jA_pb_x600.png,Å”oxa 2020,Rose,Navarra,Spain,3.0,0.0,3.8,4.0,4.3,"strawberry,Grapefruit,Melon",ì•„ì£¼ ê¹¨ë—í•˜ì§€ë§Œ í˜€ì— íŠ€ëŠ” ì‚¬ë‘ìŠ¤ëŸ¬ìš´ ìŠ¤ëƒ…ì´ ìˆìŠµë‹ˆë‹¤. ì½”ì— ë”¸ê¸°ì™€ ì‚¬ê³¼ì™€ ì—´ëŒ€ê³¼ì¼. ë‚˜ëˆ„ê¸°ì—” ë„ˆë¬´ ì¢‹ì€ í–‰ë³µí•œ ì™€ì¸.
66,https://www.vivino.com/US-CA/en/nizas-le-clos-rose/w/7479412?year=2020&price_id=25594413,//images.vivino.com/thumbs/Gnd_U4XmR1207KS2buANkg_pb_x600.png,Le Clos RosÃ© 2020,Rose,Languedoc,France,3.0,0.0,1.0,4.0,4.3,"Tangeine,Peach,Strawberry","ë”¸ê¸° í–¥. ë¸Œë¦¬ì˜¤ì‰¬ ë§›. ë³µìˆ­ì•„, ë¯¸ë„¤ë„ ì•½ê°„ ë¹¨ê°„ ê³¼ì¼. ê±´ì¡°í•˜ê³  ê°•í•œ ë§ˆê°. ê·¸ë ˆë‚˜ìŠˆ, ì‹ ì˜, ì‹œë¼ ë¸”ë Œë“œ"
67,https://www.vivino.com/US-CA/en/pasqua-vigneti-e-cantine-eleven-minutes-rosato/w/5470821?year=2020&price_id=24584771,//images.vivino.com/thumbs/I77JBi8OQAGLFzPuGRmkBg_pb_x600.png,11 Minutes Rosato 2020,Rose,Veneto,Italy,4.6,0.0,3.7,3.8,4.3,"Strawberry,Peach,Citrus",ì´ê±´ ì´ìƒì ì¸ ë¡œì œì•¼ ë§›ì€ í’ë¶€í•˜ì§€ë§Œ ë„ˆë¬´ ë‹¬ì§€ëŠ” ì•Šë‹¤
68,https://www.vivino.com/US-CA/en/chateau-d-esclans-rock-angel-rose/w/4522810?year=2018&price_id=24849002,//images.vivino.com/thumbs/zWXfkD9kQc2r_W5A7Vihkg_pb_x600.png,Rock Angel RosÃ© 2018,Rose,CÃ´tes de Provence,France,3.0,0.0,1.0,3.9,4.3,"Strawberrty,Peach,Citrus",ìš°ì•„í•œ ë¼ì¦ˆë² ë¦¬ í™”ì´íŠ¸ í”¼ì¹˜ í”„ë ˆì‰¬ íŒŒì¸ì• í”Œê³¼ ë°”ë‹ë¼ ë¯¸ë””ì—„ì—ì„œ í’€ ë°”ë””ê¹Œì§€ ì•½ê°„ ë¶€ë“œëŸ¬ìš´ íƒ€ë‹Œê³¼ ê¸¸ê³  ë§›ìˆëŠ” ë§ˆë¬´ë¦¬.
69,https://www.vivino.com/US-CA/en/chateau-d-esclans-rock-angel-rose/w/4522810?year=2019&price_id=25363401,//images.vivino.com/thumbs/zWXfkD9kQc2r_W5A7Vihkg_pb_x600.png,Rock Angel RosÃ© 2019,Rose,CÃ´tes de Provence,France,3.9,0.0,1.4,3.8,4.3,"Strawberrty,Peach,Citrus","ë§›ìˆëŠ” ë¡œì œë‘ ìµíŒ ë°°, ì´ˆë¡ìƒ‰ ì‚¬ê³¼, ì—°í•œ ê¿€ ì´‰ê°ì´ ì¼í’ˆì´ì•¼ ì—°ê¸°ê°€ ììš±í•˜ê³  ê°•ë ¥í•˜ì§€ë§Œ, ì—¬ì „íˆ í¬ë¦¼ê°™ë‹¤."
70,https://www.vivino.com/US-CA/en/ultimate-provence-up-rose/w/5621750?year=2020&price_id=26425649,//images.vivino.com/thumbs/RpkypK4SSDy5KAJC3d9_oQ_pb_x600.png,UP RosÃ© 2020,Rose,CÃ´tes de Provence,France,1.9,0.0,1.3,3.9,4.3,"Strawberrty,Citrus,Peach","ì‚°ë”¸ê¸°, ë”¸ê¸°ì¼ì´ ì½”ì— ê²¹ê²¹ì´ ìŒ“ì—¬ í™”ë ¤í•˜ë©´ì„œë„ ë§¤ì½¤í•œ ë¯¸ê°ì„ ëŠë‚„ ìˆ˜ ìˆë‹¤. ìŒì‹ í˜ì–´ë§ì„ ìœ„í•œ ì‚°ë¯¸ê°€ ë›°ì–´ë‚˜ì§€ë§Œ, ìŠ¤ìŠ¤ë¡œ ì¦ê¸¸ ìˆ˜ ìˆëŠ” ë‘¥ê¸€ë‘¥ê¸€í•œ ì‹ ì„ í•œ ì™€ì¸ì…ë‹ˆë‹¤."
71,https://www.vivino.com/US-CA/en/figuiere-premiere-de-figuiere-rose/w/2312957?year=2020&price_id=26155987,//images.vivino.com/thumbs/W4yFlfSER-qOeSkZLKiZIA_pb_x600.png,PremiÃ¨re de FiguiÃ¨re RosÃ© 2020,Rose,CÃ´tes de Provence,France,2.0,0.0,1.0,3.8,4.3,"Apple,Citrus,Strawberry","ìš°ì•„í•˜ê³  ê· í˜• ì¡íŒ ë¡œì œ: ê·¸ê²ƒì€ ì‹ ì„ í•˜ê³  ë°”ì‚­í•˜ì§€ë§Œ, ì•½ê°„ì˜ ë‹¬ì½¤í•¨ë§Œìœ¼ë¡œë„ ì¦ê²ìŠµë‹ˆë‹¤. ì½” ìœ„ì˜ ì‚´êµ¬, ìëª½, ë³µìˆ­ì•„, ì¦™ì´ ë§ê³  í™œê¸°ì°¬ ë¯¸ê°."
72,https://www.vivino.com/US-CA/en/chateau-d-esclans-rock-angel-rose/w/4522810?year=2020&price_id=27020990,//images.vivino.com/thumbs/zWXfkD9kQc2r_W5A7Vihkg_pb_x600.png,Rock Angel RosÃ© 2020,Rose,CÃ´tes de Provenc,France,3.0,0.0,1.0,4.0,4.3,"Apple,Citrus,Strawberry","ì‚¬ìƒ¤ ë¼ì‹ ì˜ ìœ„ìŠ¤í¼ë§ ì—”ì ¤ì—ì„œ í•œ ë‹¨ê³„ ë” ì •êµí•˜ê³  ì²´ê³„ì ìœ¼ë¡œ. ëŒê³¼ì¼, ê°ê·¤, ë°”ë‹ë¼ í–¥ì‹ ë£Œ, ê·¸ë¦¬ê³  ì•½ê°„ì˜ ê¿€ì„ ë„£ì€ ì‹ ì„ í•œ ì¹µí…Œì¼."
73,https://www.vivino.com/US-CA/en/es-liquid-geography-rosado/w/1585181?year=2020&price_id=25258270,//images.vivino.com/thumbs/eYR463JiTV2_tnRRyuCZtg_pb_x600.png,Rosado 2020,Rose,Bierzo,Spain,2.3,0.0,4.6,3.0,4.3,"Strawberry,Citrus,Peach",ë”¸ê¸° ë§›ì— ì´ì–´ ì¹´ë©œí™” ê¿€ì´ ê¸¸ê³  ê¸°ë¶„ ì¢‹ì€ ë§ˆë¬´ë¦¬ì…ë‹ˆë‹¤. ì…ëƒ„ìƒˆ ì¢‹ë‹¤. ë¶‰ì€ ì¹´ë ˆ í™í•©ê³¼ ê¹¨ê°€ ì˜ ì–´ìš¸ë¦¬ëŠ” ì™„ë²½í•œ ì—¬ë¦„ ì™€ì¸ì´ ì°¸ì¹˜ì…ë‹ˆë‹¤.
74,https://www.vivino.com/US-CA/en/cardedu-praja-monica/w/3879789?year=2020&price_id=26948626,//images.vivino.com/thumbs/uv_uCzDsTy-bpocDUPpwlQ_pb_x600.png,Praja Monica 2020,Rose,Monica di Sardegna,Italy,5.0,0.0,2.0,2.8,4.2,"Cherry,Earthy,Blackberry","ì´ ì™€ì¸ì€ ë¯¿ì„ ìˆ˜ ì—†ì„ ì •ë„ë¡œ ê°€ì¹˜ê°€ ìˆê³ , ì²´ë¦¬ì™€ ë¼ì¦ˆë² ë¦¬ë¥¼ ê³ë“¤ì¸ ë§¤ìš° ê³¼ì¼ í–¥ì´ ì¢‹ê³ , ì…€ëŸ¬ë¦¬ê°€ ë“¤ì–´ê°„ ë‹¤ì†Œ ì‹ë¬¼ì ì¸, ì•„ë§ˆë„ ê°•í•œ í™ ê°™ì€ ì¡´ì¬ì¼ ê²ƒì´ë‹¤."
75,https://www.vivino.com/US-CA/en/gros-nore-bandol-rose/w/1144000?year=2020&price_id=25198292,//images.vivino.com/thumbs/5926HWcSQ_aL7HDSzARfEg_pb_x600.png,Bandol RosÃ© 2020,Rose,Bandol  ,France,3.3,0.0,1.4,4.0,4.2,"Strawberry,Peach,Citrus","ì„ìŠ¤íŠ¸ íŒŒë¥´í˜! ì´ ì™€ì¸ì€ ì˜¤ë Œì§€ ì†Œë‹¤, ë”¸ê¸°, í¬ë¦¼ì˜ í–¥ë¯¸ ì¡°í•©ì´ì—ˆìŠµë‹ˆë‹¤. í™•ì‹¤íˆ ì¦ê²ë‹¤ - ê°€ë²¼ìš´ ê´‘ë¬¼, ê¿€ê³¼ ì‚´êµ¬ í–¥ì„ ê°€ì§€ê³  ìˆë‹¤."
76,https://www.vivino.com/US-CA/en/chateau-d-yquem-sauternes-sauternes-dessert-wine/w/1153863?year=2017&price_id=26029877,//images.vivino.com/thumbs/oGFWQMz2Rli_2EruVUu7Qg_pb_x600.png,Sauternes 2017,Dessert,Sauternes,France,5.0,0.0,5.0,5.0,4.8,"Strawberry,Citrus,Peach","ì˜ ìµì€ ì‚´êµ¬ì˜ ë†€ë¼ìš´ ëŒê³¼ì¼ ê½ƒí–¥ê¸°, ì‹ ì„ í•˜ê³  ì§‘ì¤‘ë˜ì§€ ì•Šì€ ë¸Œë¦¬ì˜¤ìŠˆ í† ìŠ¤íŠ¸, ì‚°, ë¯¸ë„¤ë„, ì„¤íƒ•ì˜ ì™„ë²½í•œ ê· í˜•"
77,https://www.vivino.com/US-CA/en/chateau-d-yquem-sauternes-sauternes-dessert-wine/w/1153863?year=2003&price_id=25607375,//images.vivino.com/thumbs/Jt7xLGXcSA22gVYMyBJjGg_pb_x600.png,Sauternes 2003,Dessert,Sauternes,France,5.0,0.0,5.0,1.2,4.7,"Strawberry,Citrus,Peach","ë³µìˆ­ì•„, ë°°, ë¬´í™”ê³¼. ì´˜ì´˜í•˜ì§€ ì•Šê³  ë‚ ì”¬í•˜ê³  ìš°ì•„í•˜ê³  í–¥ê¸‹í•œ ë§ˆë¬´ë¦¬."
78,https://www.vivino.com/US-CA/en/chateau-d-yquem-sauternes-sauternes-dessert-wine/w/1153863?year=2016&price_id=26962064,//images.vivino.com/thumbs/oGFWQMz2Rli_2EruVUu7Qg_pb_x600.png,Sauternes 2016,Dessert,Sauternes,France,5.0,0.0,3.7,4.0,4.7,"Strawberry,Citrus,Peach","ìµœê³ ì˜ ë‹¬ì½¤í•œ ì™€ì¸. ì •ì œë˜ê³ , ê¹¨ë—í•˜ê³ , í›Œë¥­í•œ ê· í˜•, ì½” ìœ„ì˜ ì‚´êµ¬ì™€ ë³µìˆ­ì•„, ë‘¥ê¸€ê³  ê°€ë²¼ìš´ ì…ì•ˆì— ê·¸ëŸ¬ë‚˜ ì˜ì›íˆ ì§€ì†ë˜ëŠ” ë§ˆë¬´ë¦¬."
79,https://www.vivino.com/US-CA/en/dal-forno-romano-vigna-sere-veneto-passito-rosso/w/2424921?year=2003&price_id=13193139,//images.vivino.com/thumbs/We3EIm6xTZuEEtFyK5LXRQ_pb_x600.png,Vigna SerÃ© Veneto Passito Rosso 2003,Dessert,Veneto,France,4.0,0.0,3.0,3.0,4.7,"Chocolate,Oak,Blackberry",í–¥ì´ ë‹¤ì–‘í•¨ - í”ì¹˜ ì•Šì€ ë‹¬ì½¤í•œ ì™€ì¸
80,https://www.vivino.com/US-CA/en/chateau-climens-barsac-premier-grand-cru-classe/w/16786?year=2010&price_id=20697877,//images.vivino.com/thumbs/nA-TeA6IRL6ITv-2DPy8rw_pb_x600.png,Barsac (Premier Grand Cru ClassÃ©) 2010,Dessert,Barsac,France,5.0,0.0,5.0,3.7,4.7,"Honey,Apicot,Peach",ê°•ë ¬í•¨ì˜ ê¸¸ì´ì™€ ë‹¬ì½¤í•¨ ë§ê³ ì™€ ì‚´êµ¬ë¡œ ì‚¬ë‘ìŠ¤ëŸ¬ìš´ ë³´íŠ¸ë¦¬í‹°ìŠ¤ ì»¬ëŸ¬.
81,https://www.vivino.com/US-CA/en/chateau-rieussec-sauternes-premier-grand-cru-classe/w/1135215?year=2009&price_id=26200864,//images.vivino.com/thumbs/gnOwIVXJQ6abQRMgMzGoAg_pb_x600.png,Sauternes (Premier Grand Cru ClassÃ©) 2009,Dessert,Sauternes,France,5.0,0.0,5.0,4.0,4.7,"Honey,Apicot,Peach","ë²Œì§‘, ì‚¬ê³¼, ì‚´êµ¬ì½”. ì „ì‹ . í—ˆë‹ˆì™€ ë ˆëª¬ì˜ ì¤‘ê°„ ë¶€ë¶„ì´ í¬ë¦¼ê°™ê³  ì‚´ì§ ë‹¬ì½¤í•œ ë§ˆë¬´ë¦¬."
82,https://www.vivino.com/US-CA/en/fargues-sauternes-lur-saluces/w/84178?year=2010&price_id=20697878,//images.vivino.com/thumbs/6UkCAp0zR-StH2rQSPvU-g_pb_x600.png,Sauternes (Lur Saluces) 2010,Dessert,Sauternes,France,5.0,0.0,5.0,3.7,4.7,"Honey,Apicot,Peach",ìˆœìˆ˜í•˜ê³  ìš°ì•„í•˜ì§€ë§Œ ì‹ ì„ í•˜ê³  ì˜í•˜ë‹¤. ì¢‹ì€ ê²½í—˜ì…ë‹ˆë‹¤!
83,https://www.vivino.com/US-CA/en/domaine-des-baumard-quarts-de-chaume/w/1126215?year=1967&price_id=14386471,//images.vivino.com/thumbs/ATZyuwzoRGeHomVDbf_GZA_pb_x600.png,Quarts de Chaume 1967,Dessert,Quarts de Chaume,France,3.0,0.0,3.0,3.7,4.6,"Apicot,Honey,Pineapple",ì˜ ìµì€ ì‚¬ê³¼ì™€ ì¹´ë¥´ë©œì˜ í•˜ëª¨ë‹ˆë¥¼ ëŠë¼ê³  ì‹¶ë‹¤ë©´ ì¢‹ì€ ì„ íƒì´ ë  ìˆ˜ ìˆë‹¤.
84,https://www.vivino.com/US-CA/en/chateau-rieussec-sauternes-premier-grand-cru-classe/w/1135215?year=2010&price_id=26951336,//images.vivino.com/thumbs/gnOwIVXJQ6abQRMgMzGoAg_pb_x600.png,Sauternes (Premier Grand Cru ClassÃ©) 2010,Dessert,Sauternes,France,5.0,0.0,5.0,3.7,4.6,"Honey,Apicot,Caramel",ğŸ‘ë¯¸ë””ì—„ ê³¨ë“œ ğŸ‘ƒíƒ„ë‹¹ë³´ë‹¤ëŠ” í™”ì´íŠ¸ í”Œë¡œëŸ´ê³¼ ì—´ëŒ€ì„± ìºë¦­í„°ê°€ ë” ë§ì€ ê°€ë²¼ìš´ ì½” ìŠ¤íƒ€ì¼. ğŸ‘… ë‹¨ë§›ê³¼ í•¨ê»˜ ì…ì²œì¥ì— ì§‘ì¤‘í•˜ëŠ” ê²ƒì€ ê½¤ ì •í™•í•˜ì§€ë§Œ ê²‰ìœ¼ë¡œ ë³´ì´ëŠ” ê²ƒì²˜ëŸ¼ì€ ì•„ë‹ˆë‹¤. ê¹¨ë—í•˜ê³  ìˆœìˆ˜í•˜ë©´ì„œë„ ê°•ë ¬í•œ ì§‘ì¤‘ë ¥ ğŸ“ Lafiteê°€ 93% Semillon 5%ì˜ ì†Œë¹„ë‡½ ë¸”ë‘ 2% Muscatel 50%ì˜ ìƒˆë¡œìš´ ì˜¤í¬ RS 140gmsë¥¼ ì†Œìœ í•˜ê³  ìˆìŠµë‹ˆë‹¤.
85,https://www.vivino.com/US-CA/en/coutet-sauternes-barsac-premier-grand-cru-classe/w/2677769?year=2009&price_id=25670871,//images.vivino.com/thumbs/RERw07yGQ0OqQdVzeVo7fw_pb_x600.png,Sauternes Barsac (Premier Grand Cru ClassÃ©) 2009,Dessert,Barsac,France,4.6,0.0,4.6,5.0,4.6,"Honey,Apicot,Vanila","ì¢‹ì€ ì‚°ë„, ë©”ë”” ë°”ë””, ê°•ë ¬í•œ ê¿€, ì‚´êµ¬, ë°”ë‹ë¼ & í¬ë¦¼ ë¸Œë¦´ë ˆ, ê·¸ë¦¬ê³  ê¸¸ê³  í’ë¶€í•œ ë§ˆë¬´ë¦¬."
86,https://www.vivino.com/US-CA/en/chateau-suduiraut-sauternes-premier-grand-cru-classe/w/1174845?year=2008&price_id=24589512,//images.vivino.com/thumbs/yyAgH9OpQjKEBxg1N1RBmA_pb_x600.png,Sauternes (Premier Grand Cru ClassÃ©) 2008,Dessert,Sauternes,France,5.0,0.0,5.0,5.0,4.5,"Honey,Apricot,Caramel",ì´ ì†Œí…Œë¥¸ì´ íƒ€ë¥´íŠ¸ íƒ€í‹´ê³¼ ì§ì„ ì§€ì–´ ì‚¬ê³¼ì™€ ìºëŸ¬ë©œì˜ í–¥ê³¼ ì˜¤ë«ë™ì•ˆ ì¡°í™”ë¥¼ ì´ë£° ë•Œ ì ˆëŒ€ì ì¸ ì•„ë¦„ë‹¤ì›€ì…ë‹ˆë‹¤. ì™„ë²½í•œ ê²½í—˜
87,https://www.vivino.com/US-CA/en/huet-vouvray-clos-du-bourg-moelleux/w/17528?year=2018&price_id=23147620,//images.vivino.com/thumbs/hZYogLtIR36z3Zp5mhNrDQ_pb_x600.png,Vouvray Clos du Bourg Moelleux 2018,Dessert,Vouvray,France,3.7,0.0,2.8,3.7,4.5,"Honey,Apricot,Caramel",ì™€ì¸ì˜ í™ë¹›ì€ ì´ê²ƒê³¼ ì§ì„ ì´ë£¬ ë¹„íŠ¸ ì¹˜ì¦ˆ ìƒëŸ¬ë“œì™€ ì—¼ì†Œ ì¹˜ì¦ˆ ìƒëŸ¬ë“œì— ë§›ìˆëŠ” í™ë¹›ì„ ìì•„ë‚¸ë‹¤. ì €ëŠ” ì´ ì™€ì¸ì— ë“¤ì–´ ìˆëŠ” ì—´ëŒ€ ê³¼ì¼ í–¥ê³¼ ì•½ê°„ í¬ë¦¼ ê°™ì€ ë§›ì´ ë„ˆë¬´ ì¢‹ì•˜ì–´ìš”. ìŠ¤íŒŒê³ ì˜ ì‹œìŒ ë©”ë‰´ ì¤‘ í›Œë¥­í•œ ì™€ì¸
88,https://www.vivino.com/US-CA/en/chateau-guiraud-sauternes-premier-grand-cru-classe/w/22224?year=2016&price_id=11181479,//images.vivino.com/thumbs/seeWxpDkRimnnDRRdUoRDQ_pb_x600.png,Sauternes (Premier Grand Cru ClassÃ©) 2016,Dessert,Sauternes,France,4.6,0.0,4.0,5.0,4.5,"Honey,Apricot,Caramel","ê°ê·¤ë¥˜ ë° ì‚´êµ¬ì— ì˜í•´ ë ˆì´ì‹±ëœ ë§ê³ , íŒŒì¸ì• í”Œê³¼ ê°™ì€ ì—´ëŒ€ í–¥ë¯¸ì˜ ë‹¬ì½¤í•˜ê³  ìê·¹ì ì´ì§€ ì•Šì€ ê³¼ì¼ í•µì‹¬ìœ¼ë¡œ ë§›ìˆê³  ê· í˜• ì¡íˆê³  ì‹ ì„ í•¨. ìŠ¤ìœ„íŠ¸/ìŠ¤ìœ„íŠ¸ ë°¸ëŸ°ìŠ¤ ìŠ¤íŒŸ. ë³´íŠ¸ë¦¬í‹°ìŠ¤ëŠ” ë¶„ëª…í•˜ì§€ ì•Šì€ë°, ì œê°€ ë“¤ì€ ë¹ˆí‹°ì§€ì˜ ì „í˜•ì ì¸ í˜•íƒœì…ë‹ˆë‹¤. "
89,https://www.vivino.com/US-CA/en/fr-chateau-gravas-sauternes/w/1751386?year=2016&price_id=24944494,//images.vivino.com/thumbs/jTNznA5jTJq_dXjR4GXkdA_pb_x600.png,Sauternes 2016,Dessert,Sauternes,France,5.0,0.0,5.0,4.5,4.5,"Honey,Apricot,Caramel","ì‚¬ë‘ìŠ¤ëŸ¬ìš´ ì˜…ì€ í™©ê¸ˆìƒ‰. ê¿€, ë³µìˆ­ì•„, ë ˆëª¬, ì™ìŠ¤ ê°™ì€ ì—´ëŒ€ ê³¼ì¼ í–¥. êµ°ì¹¨ ë„ëŠ” ì‚°ë„. ê¸¸ê³  ë‹¬ì½¤í•œ ë§ˆë¬´ë¦¬ì˜ ì‹¤í‚¤í•œ ì…ê°€ì‹¬."
90,https://www.vivino.com/US-CA/en/coutet-sauternes-barsac-premier-grand-cru-classe/w/2677769?year=2010&price_id=26837290,//images.vivino.com/thumbs/RERw07yGQ0OqQdVzeVo7fw_pb_x600.png,Sauternes Barsac (Premier Grand Cru ClassÃ©) 2010,Dessert,Barsac,France,5.0,0.0,5.0,4.8,4.5,"Honey,Apricot,Chcolate","ì‚¬ë‘ìŠ¤ëŸ° ì‚¬ìš°í„°ë„¤ìŠ¤. ê°•ë ¬í•œ ê¸ˆìƒ‰, ì½”ëŠ” ì´êµ­ì ì´ê³  ë¬¼ê²°ì¹˜ëŠ” ê³¼ì¼ë“¤ë¡œ ê°€ë“ ì°¨ ìˆìœ¼ë©° ë©‹ì§„ ê´‘ë¬¼ì„± íŒíŠ¸ë¥¼ ê°€ì§€ê³  ìˆìŠµë‹ˆë‹¤. ê¿€, ì§„ì € ë…¸íŠ¸, ì „ì›, ë³µìˆ­ì•„, ì‚¬ê³¼, ì˜¤ë Œì§€, ê°ê·¤. "
91,https://www.vivino.com/US-CA/en/chateau-suduiraut-sauternes-premier-grand-cru-classe/w/1174845?year=2016&price_id=26525508,//images.vivino.com/thumbs/yyAgH9OpQjKEBxg1N1RBmA_pb_x600.png,Sauternes (Premier Grand Cru ClassÃ©) 2016,Dessert,Sauternes,France,5.0,0.0,5.0,4.7,4.5,"Honey,Apricot,Caramel","ìœ ë¦¬ì”ì— ê¸ˆì„ ë‹´ì•„ë¼. ìƒê°•, ë¦¬ì¹˜, ë ˆëª¬ ì œìŠ¤íŠ¸ì™€ í•¨ê»˜ í–¥ê¸°ê°€ ë‚˜ëŠ” í°ìƒ‰ ê½ƒì½”ì…ë‹ˆë‹¤. ê°€ë³ê³  ì‚°ë¯¸ê°€ ëŠê»´ì§€ëŠ” ìš°ì•„í•œ ì…ê°€ì‹¬. ë§›ì€ í˜„ì¬ì˜ í†¡ ì˜ëŠ” ë³´íŠ¸ë¦¬í‹°, í—ˆë¸Œ ê¿€ ë…¸íŠ¸ì™€ í•¨ê»˜ ì½”ì™€ ì™„ë²½í•˜ê²Œ ì–´ìš¸ë¦½ë‹ˆë‹¤."
92,https://www.vivino.com/US-CA/en/roumieu-lacoste-sauternes/w/1138114?year=2018&price_id=24489548,//images.vivino.com/thumbs/kEv4d3ZvSWKkPdZNp3qiyA_pb_x600.png,Sauternes 2018,Dessert,Sauternes,France,5.0,0.0,4.6,4.6,4.4,"Apricot,Honey,Marmalade","ë³µìˆ­ì•„, ê³¼ì¦™, ê¿€, ìµì€ ê³¼ì¼// í›Œë¥­í•œ ê· í˜• ë””ì €íŠ¸ ì™€ì¸."
93,https://www.vivino.com/US-CA/en/sablettes-sauternes/w/1361301?year=2016&price_id=24484577,//images.vivino.com/thumbs/ELDpACafRHKXDNUhm2wAfA_pb_x600.png,Sauternes 2016,Dessert,Sauternes,France,5.0,0.0,5.0,4.5,4.4,"Honey,Apricot,Caramel","í”íˆ ë³¼ ìˆ˜ ìˆëŠ” íŒŒì¸ì• í”Œê³¼ ë‹¤ë¥¸ ì—´ëŒ€ ê³¼ì¼ë³´ë‹¤ ì‚´êµ¬ìƒ‰ê³¼ ë³µìˆ­ì•„ìƒ‰ì„ ë” ë§ì´ í•¨ìœ í•˜ê³  ìˆë‹¤, ê¹”ë”í•œ ë§ˆë¬´ë¦¬."
94,https://www.vivino.com/US-CA/en/clos-haut-peyraguey-sauternes-premier-grand-cru-classe/w/1837980?year=2016&price_id=24172695,//images.vivino.com/thumbs/72TsaRbkQR23RB_VPcNjpw_pb_x600.png,Sauternes (Premier Grand Cru ClassÃ©) 2016,Dessert,Sauternes,France,5.0,0.0,5.0,4.4,4.4,"Honey,Apricot,Caramel",ê· í˜•ì´ ì˜ ì¡í˜€ ìˆë‹¤. í‘¸ì•„ê·¸ë¼ì™€ í•¨ê»˜ ë¨¹ì–´ë³´ë‹ˆ ì™„ë²½í•œ ì¡°í•©ì´ì—ˆì–´. ê¿€ê³¼ ì‚´êµ¬ê°€ ìƒê°ë‚˜ì§€ë§Œ ì´ê³³ì—ì„œëŠ” ë§ì€ ì¼ë“¤ì´ ì¼ì–´ë‚˜ê³  ìˆë‹¤. ì—„ì²­ë‚œ ì ì¬ë ¥
95,https://www.vivino.com/US-CA/en/cauhape-symphonie-de-novembre-jurancon/w/18800?year=2016&price_id=23315609,//images.vivino.com/thumbs/BlnF9jAmShiFmDbnMY8DPg_pb_x600.png,Symphonie de Novembre JuranÃ§on 2016,Dessert,JuranÃ§on,France,5.0,0.0,2.8,3.9,4.4,"Honey,Peach,Butter","ì´íƒˆë¦¬ì•„ì—ì„œ ì˜¨ ì•„ë¦„ë‹µê³  ë‹¬ì½¤í•œ ë””ì €íŠ¸ ì™€ì¸. ë°”ë¥´ì‚­ì´ë‚˜ ì‚¬ìš°í„°ë„¤ìŠ¤, í† ì¼€ì´ì²˜ëŸ¼ìš” ê°€ë³ê³  í´ë˜ì‹í•œ ë‹¬ì½¤í•œ ì™€ì¸ë§Œí¼ ëˆì ê±°ë¦¬ê±°ë‚˜ ëˆì ê±°ë¦¬ì§€ ì•ŠìŠµë‹ˆë‹¤. í™©ê¸ˆ ê¿€ìƒ‰. ì‹ ì„ í•œ ê½ƒë‹¤ë°œ, ê°€ë²¼ìš´ ë‹¬ì½¤í•œ ëŠë‚Œ. ì‚°ë¯¸ì™€ ë‹¨ë§›ì˜ ê· í˜•ì´ ì˜ ë§ëŠ”ë‹¤."
96,https://www.vivino.com/US-CA/en/chateau-suduiraut-castelnau-de-suduiraut-sauternes/w/1155918?year=2016&price_id=27095463,//images.vivino.com/thumbs/5yZIXHxPRAqwMa_yyCnw8w_pb_x600.png,Castelnau de Suduiraut Sauternes 2016,Dessert,Sauternes,France,4.2,0.0,5.0,4.7,4.4,"Honey,Apricot,vanila","ì •ë§ ê· í˜•ì´ ì˜ ì¡íŒ ë””ì €íŠ¸ ì™€ì¸ì´ì•¼. ì†Œë¸Œ ë¸”ë‘ë„ ì œëŒ€ë¡œ ë“¤ì–´ì˜¤ê³  ìˆì–´. ê¿€, ì‚¬ê³¼ ë° ê°ê·¤ë¥˜ í–¥ë£Œ"
97,https://www.vivino.com/US-CA/en/la-tour-vieille-rimage-banyuls/w/1239725?year=2018&price_id=24489551,//images.vivino.com/thumbs/sBvZciJ3QFydWX24Uat59A_pb_x600.png,Rimage Banyuls 2018,Dessert,Banyuls,France,3.7,0.0,3.7,4.0,4.4,"Cgocolate,Cherry,Dark fruit",ë¶€ë“œëŸ¬ìš´ ì´ˆì½œë¦¿ ì¥ë°‹ë¹› ì‚¬ë§‰ í•œ ëª¨ê¸ˆ.
98,https://www.vivino.com/US-CA/en/huet-vouvray-clos-du-bourg-moelleux-premiere-trie/w/17530?year=2005&price_id=22782541,//images.vivino.com/thumbs/5xNP9flyQ2OtgPl9ykLu4A_pb_x600.png,Vouvray Clos du Bourg Moelleux PremiÃ¨re Trie 2005,Dessert,Vouvray,France,3.0,0.0,2.8,3.5,4.4,"Earthy, Tree Fruit, Tropical",ë³µí•©ì ì´ê³  ê°ë¯¸ë¡œìš´ ë‹¬ì½¤í•¨ì´ ìˆìŠµë‹ˆë‹¤. ê°€ë“í•œ ë°”ë””ê°ê³¼ ê¸´ ì—¬ìš´ì„ ì£¼ëŠ” ì‚¬ë‘ìŠ¤ëŸ¬ìš´ ì™€ì¸.
99,https://www.vivino.com/US-CA/en/chateau-bastor-lamontagne-sauternes/w/93611?year=2016&price_id=25999420,//images.vivino.com/thumbs/2N2TZKlIQgyD1cx9TwsL1g_pb_x600.png,Sauternes 2016,Dessert,Sauternes,France,4.6,0.0,5.0,4.0,4.4,"Earthy, Tree Fruit, Citrus",ì´ ì™€ì¸ì„ ì„¤ëª…í•˜ëŠ” ë‹¨ì–´ëŠ” 'ì•„ë¦„ë‹¤ì›€'. ë†€ë¼ìš´ ì‹ ì„ ë„ë¥¼ ë³´ì—¬ì£¼ëŠ” ì™€ì¸ì…ë‹ˆë‹¤.
100,https://www.vivino.com/US-CA/en/chateau-caillou-sauternes-grand-cru-classe/w/1539287?year=2012&price_id=27176649,//images.vivino.com/thumbs/V4_28V7XSq-N-rpMnmUhEA_pb_x600.png,Sauternes (Grand Cru ClassÃ©) 2012,Dessert,Sauternes,France,5.0,0.0,5.0,4.5,4.3,"Earthy, Tree Fruit, Citrus","ì™„ë²½í•œ ì†Œí…Œë¥¸! ì½”ëì— ë§´ë„ëŠ” ê¿€ê³¼ ê½ƒ, ì…ì•ˆì„ ê°ì‹¸ëŠ” ì¶©ë¶„í•œ ë‹¬ì½¤í•¨."
